trait,comparison,mean_x,ref,diff,ci_lo,ci_hi,p_welch,p_wilcox,p_welch_holm,p_wilcox_holm
topt,35 evolved vs 40 evolved,35.9573616773666,38.2571369115897,-2.299775234223098,-2.9988633812385044,-1.6006870872076924,2.524558391552561e-7,5.621713330279291e-6,7.573675174657682e-7,1.6865139990837873e-5
topt,35 evolved vs ancestor,35.9573616773666,35.95678798786504,5.736895015573396e-4,-0.37452492759069855,0.37567230659381323,0.9974629315651689,0.930591460030879,0.9974629315651689,0.930591460030879
topt,40 evolved vs ancestor,38.2571369115897,35.95678798786504,2.3003489237246555,1.6855641189304222,2.9151337285188887,4.372270561930564e-7,2.539632194415226e-4,8.744541123861128e-7,5.079264388830452e-4
tmax,35 evolved vs 40 evolved,49.4297098861458,45.46297470483164,3.9667351813141636,2.648832647073838,5.284637715554489,8.896761908504032e-7,3.500899971159904e-5,8.896761908504032e-7,1.0502699913479712e-4
tmax,35 evolved vs ancestor,49.4297098861458,52.78424054399912,-3.354530657853317,-4.132836636948511,-2.5762246787581233,6.118240004902262e-8,2.392482757187794e-4,1.2236480009804524e-7,4.2818405169203625e-4
tmax,40 evolved vs ancestor,45.46297470483164,52.78424054399912,-7.321265839167481,-8.43914846450403,-6.203383213830925,1.1308389307367829e-10,2.1409202584601812e-4,3.3925167922103485e-10,4.2818405169203625e-4
