trait,comparison,mean_x,ref,diff,ci_lo,ci_hi,p_welch,p_wilcox,p_welch_holm,p_wilcox_holm
topt,35 evolved vs 40 evolved,38.60893420175883,39.55394105134192,-0.9450068495830948,-1.4652880279097076,-0.424725671256482,7.782397365774211e-4,7.167853207417972e-5,0.0023347192097322635,2.1503559622253914e-4
topt,35 evolved vs ancestor,38.60893420175883,39.16979533980885,-0.5608611380500221,-0.9326348808608529,-0.18908739523919138,0.0054443247729758825,0.004643564739361532,0.010888649545951765,0.009287129478723065
topt,40 evolved vs ancestor,39.55394105134192,39.16979533980885,0.38414571153307264,-0.007615810981718596,0.7759072340478639,0.05412335799379477,0.006931404293358878,0.05412335799379477,0.009287129478723065
tmax,35 evolved vs 40 evolved,41.91077474401986,42.49021653868048,-0.5794417946606174,-1.0412613114105411,-0.11762227791069367,0.016601094719877137,6.710312261220975e-4,0.04980328415963141,0.0020130936783662925
tmax,35 evolved vs ancestor,41.91077474401986,42.0036183995519,-0.092843655532036,-0.2083963078297586,0.022708996765686607,0.10827731188024876,0.1913789532588945,0.10827731188024876,0.1913789532588945
tmax,40 evolved vs ancestor,42.49021653868048,42.0036183995519,0.4865981391285814,0.03527189816812637,0.9379243800890364,0.036165027374461575,0.004048940423386276,0.07233005474892315,0.008097880846772551
