chrom_label,chrom,start,end,normalized_depth,CNV,gene_name,gene_start,gene_end,gene_overlap_in_controls_count,partially_overlaps_control
ChrI,contig_11,987001,987500,1.5135005992098445,duplication,CAGL0I10147g,970813,996988,19,False
ChrE,contig_24,25001,25500,1.5256967980144227,duplication,CAGL0E00231g,15516,29210,4,False
ChrB,contig_26,1001,1500,0.4967666708529299,deletion,,,,0,False
ChrJ,contig_29,183001,183500,1.5359265087381326,duplication,CAGL0J01774g,178449,188618,1,False
ChrJ,contig_29,511001,511500,1.548817930601604,duplication,,,,0,False
ChrJ,contig_29,514001,514500,1.5598024549321114,duplication,,,,0,False
ChrJ,contig_29,514501,515000,1.5450438625676135,duplication,,,,0,False
ChrA,contig_32,8501,9000,1.5107991610381464,duplication,CAGL0A04851g,1,16907,19,False
ChrA,contig_32,11001,11500,1.554439305620652,duplication,CAGL0A04851g,1,16907,19,False
ChrL,contig_5,55001,55500,1.595179376871776,duplication,,,,0,False
ChrL,contig_5,67001,67500,1.5132423735022558,duplication,,,,0,False
