chrom_label,chrom,start,end,normalized_depth,CNV,gene_name,gene_start,gene_end,gene_overlap_in_controls_count,partially_overlaps_control
ChrA,contig_32,67501,68000,1.5252672766840516,duplication,CAGL0A04389g,66713.0,68359.0,0,False
ChrA,contig_32,90501,91000,1.5485437896651513,duplication,CAGL0A04081g,90603.0,91826.0,0,False
ChrA,contig_32,91001,91500,1.5899060439531625,duplication,CAGL0A04081g,90603.0,91826.0,0,False
ChrA,contig_32,95001,95500,1.521697482830925,duplication,CAGL0A04037g,93946.0,96062.0,0,False
ChrA,contig_32,97001,97500,1.5165795640925142,duplication,CAGL0A04015g,96267.0,97793.0,0,False
ChrA,contig_32,103001,103500,1.561803023976764,duplication,CAGL0A03905g,102910.0,104883.0,0,False
ChrA,contig_32,186501,187000,1.5241380561794913,duplication,CAGL0A03051g,186356.0,187558.0,0,False
ChrA,contig_32,353501,354000,1.6134921819113193,duplication,CAGL0A01408g,352822.0,354724.0,0,False
ChrA,contig_32,354001,354500,1.612818292255372,duplication,CAGL0A01408g,352822.0,354724.0,0,False
ChrA,contig_32,355001,355500,1.5247937326014938,duplication,CAGL0A01366g,355086.0,359604.0,0,False
ChrA,contig_32,360501,361000,1.561038068151094,duplication,CAGL0A01325g,360332.0,363854.0,0,False
ChrA,contig_32,362001,362500,1.512700145262331,duplication,CAGL0A01325g,360332.0,363854.0,0,False
ChrA,contig_32,363001,363500,1.6417591209932183,duplication,CAGL0A01325g,360332.0,363854.0,0,False
ChrA,contig_32,363501,364000,1.6162970199387756,duplication,CAGL0A01325g,360332.0,363854.0,0,False
ChrA,contig_32,364001,364500,1.6448735839977318,duplication,CAGL0A01284g,364212.0,368544.0,0,False
ChrA,contig_32,369001,369500,1.5323522246884709,duplication,CAGL0A01243g,368650.0,373795.0,0,False
ChrA,contig_32,369501,370000,1.5552826862246247,duplication,CAGL0A01243g,368650.0,373795.0,0,False
ChrA,contig_32,373501,374000,1.5560658552842397,duplication,CAGL0A01243g,368650.0,373795.0,0,False
ChrA,contig_32,373501,374000,1.5560658552842397,duplication,CAGL0A01221g,370373.0,374874.0,0,False
ChrA,contig_32,377501,378000,1.5317329747343569,duplication,CAGL0A01199g,376372.0,378835.0,0,False
ChrA,contig_32,378001,378500,1.517417372853962,duplication,CAGL0A01199g,376372.0,378835.0,0,False
ChrA,contig_32,379501,380000,1.536231643518654,duplication,CAGL0A01177g,379722.0,382874.0,0,False
ChrA,contig_32,388001,388500,1.513228329046722,duplication,CAGL0A01111g,388042.0,389027.0,0,False
