trait,comparison,mean_x,ref,diff,ci_lo,ci_hi,p_welch,p_wilcox,p_welch_holm,p_wilcox_holm
topt,35 evolved vs 40 evolved,33.5344451905899,35.85735367153745,-2.3229084809475538,-2.6925800052313233,-1.9532369566637842,2.4192966921483833e-14,3.2278370106587366e-7,7.25789007644515e-14,9.68351103197621e-7
topt,35 evolved vs ancestor,33.5344451905899,33.6732669891269,-0.13882179853700194,-0.38589803131240785,0.10825443423840397,0.25215883534450423,0.15067204270317117,0.25215883534450423,0.15067204270317117
topt,40 evolved vs ancestor,35.85735367153745,33.6732669891269,2.184086682410552,1.8909466779245534,2.4772266868965502,1.4687854898114677e-11,2.1409202584601812e-4,2.9375709796229353e-11,4.2818405169203625e-4
tmax,35 evolved vs 40 evolved,50,50.87341473269864,-0.8734147326986417,-2.0346002016795097,0.28777073628222627,0.130948106352582,0.11587399530453439,0.261896212705164,0.23174799060906878
tmax,35 evolved vs ancestor,50,50,0,NA,NA,NA,NA,NA,NA
tmax,40 evolved vs ancestor,50.87341473269864,50,0.8734147326986417,-0.2877707362822264,2.0346002016795097,0.130948106352582,0.20127970635570075,0.261896212705164,0.23174799060906878
