drug,evolution_history,n,intercept,se_intercept,slope,se_slope,t_slope,p_slope
amphotericin,35 evolved,18,175.1101459436323,61.308400675173786,-4.150958933310974,1.4541464641952897,-2.854567291203417,0.011472019251201525
amphotericin,40 evolved,18,-886.1313871394325,114.61764222359638,20.929682361459662,2.7076501339553354,7.729832631989858,8.63463985918981e-7
caspofungin,35 evolved,18,1277.0495914804717,445.50409238804593,-30.288867498459602,10.566903952286426,-2.86638996959046,0.011194579587480649
caspofungin,40 evolved,18,-17.54424248566472,4.4307852049698955,0.4132164733426252,0.10412866340539154,3.9683259136237967,0.0011031143144910702
fluconazole,35 evolved,18,372.07907998948264,130.61239841003848,-8.813957780529437,3.097824672249056,-2.845208723233004,0.011696356762585557
fluconazole,40 evolved,18,-201.7108853509336,26.793855970827323,4.769672512781539,0.6328373169522051,7.536964690629594,1.191352643956237e-6
