drug,n,intercept,se_intercept,slope,se_slope,t_slope,p_slope
amphotericin,36,0.0624289447207103,0.03216315740448625,2.7235213931571334,0.19211001237374645,14.176884169152897,7.805784349377057e-16
caspofungin,36,-0.19480803018605422,0.028104334433031036,1.507363113237729,0.13817625481206353,10.908988055060009,1.2002994258227316e-12
fluconazole,36,-0.1760990911643138,0.03483760440399617,1.7967497295942543,0.19344747325579836,9.288049615506667,7.466518755967157e-11
