drug,n,intercept,se_intercept,slope,se_slope,t_slope,p_slope
amphotericin,36,104.83154059816184,5.663593498554476,-2.543553537839629,0.1374693564360747,-18.50269473708069,2.5261705608951267e-19
caspofungin,36,-41.56245170098332,3.647312731418015,1.0141482964841997,0.08883914690811125,11.415556449829047,3.5390412642777977e-13
fluconazole,36,20.36223026197765,2.5083345667811576,-0.49374457391330484,0.060920905434631044,-8.10468213482315,1.8876104481564754e-9
