drug,n,intercept,se_intercept,slope,se_slope,t_slope,p_slope
amphotericin,36,4.437922790087765,0.5425479459376427,13.448233195584965,1.3534715097943184,9.936103640355636,1.3743124905737357e-11
caspofungin,36,0.17654063609527365,0.0516626456458012,1.0939020847109073,0.1568563873654231,6.973908446345128,4.823393436438963e-8
fluconazole,36,1.6925019236937642,0.2169971473916906,5.2238663592670465,0.5418499107564275,9.640799519509896,2.951655001639266e-11
