drug,n,intercept,se_intercept,slope,se_slope,t_slope,p_slope
amphotericin,36,2679.6300132447527,303.9989967774904,-63.358563553340005,7.187502845316071,-8.815101004743159,2.657808742268551e-10
caspofungin,36,-84.49342919909675,10.853608843280698,1.9996241574371953,0.2566931570623227,7.789939476071445,4.5876153572691665e-9
fluconazole,36,672.9986707990979,76.5605345884739,-15.905306051749237,1.8101044961042658,-8.786954612830849,2.8690161917728703e-10
