drug,n,intercept,se_intercept,slope,se_slope,t_slope,p_slope
amphotericin,37,-187.71340714115462,9.180007828917544,4.54418143029734,0.2229127544939381,20.385470722003546,5.293888022878853e-21
caspofungin,36,-42.60554932461896,2.687297686522351,0.9364461034362642,0.0652858277959001,14.343788461468698,5.542006822464436e-16
fluconazole,37,-60.55886067152294,3.990588284454026,1.546611280315266,0.09687567842297116,15.964907864310074,1.2177668171214773e-17
