variable,PC1,PC2
topt,-0.5973798932184311,0.34149441410567205
tmax,-0.26824865798132586,-0.5885140212057773
th_c,-0.701482245531974,-0.15316212028591242
b80,0.1523483341798044,-0.49193959779362023
fluconazole,-0.07836851030610316,-0.3028872606973325
caspofungin,-0.1883581985390287,-0.18760277921992866
amphotericin,0.11946602270581219,-0.38030791938536945
