variable,PC1,PC2
topt,-0.4310848916552719,0.4971929484966344
tmax,0.6512570282377929,-0.060780123753005795
th_c,0.20752958474585811,0.5400698045777353
b80,0.4408639932194721,-0.10272859614158944
fluconazole,0.17362666036631705,0.5146814342281034
caspofungin,0.17779884960377199,-0.1357215326625925
amphotericin,0.30139983773195445,0.4044243774459639
