drug,comparison,diff,fold_change,se,df,p_holm
amphotericin,40 evolved vs 35 evolved,0.5373276503864892,1.7114272138460958,0.17092291506984725,40,0.009420613766788564
amphotericin,40 evolved vs fRS585,0.15998237028802198,1.173490182515518,0.27784223589948875,40,0.5679740269142641
amphotericin,35 evolved vs fRS585,-0.37734528009846724,0.6856792816086698,0.29043908643883,40,0.40261250410895916
caspofungin,40 evolved vs 35 evolved,0.16158747713774566,1.1753752721259565,0.10363699739342254,40,0.3805034777732016
caspofungin,40 evolved vs fRS585,0.1261182159003554,1.1344162663969142,0.16846620633594453,40,0.9169243495254311
caspofungin,35 evolved vs fRS585,-0.03546926123739025,0.9651524013645804,0.17610415099642235,40,0.9169243495254311
fluconazole,40 evolved vs 35 evolved,0.7471069308123319,2.1108842400423735,0.2101283314271924,40,0.0029612214269130357
fluconazole,40 evolved vs fRS585,0.5373068038591737,1.7113915369038053,0.34157225440311534,40,0.24717401347577905
fluconazole,35 evolved vs fRS585,-0.2098001269531582,0.8107462761053401,0.3570585055239076,40,0.5601174197413032
