drug,comparison,mean_x,ref,diff,ci_lo,ci_hi,p_welch,p_wilcox,p_welch_holm,p_wilcox_holm
amphotericin,40 evolved vs 35 evolved,-0.13833520862556115,0.05453439571390362,-0.19286960433946476,-0.4341519729531536,0.04841276427422408,0.11232161149451386,0.14999297257278163,0.3369648344835416,0.29998594514556326
amphotericin,35 evolved vs ancestor,0.05453439571390362,0,0.05453439571390362,-0.05949350893093561,0.16856230035874287,0.3271076019617779,0.050023146534433315,0.4027836208335063,0.15006943960329994
amphotericin,40 evolved vs ancestor,-0.13833520862556115,0,-0.13833520862556115,-0.35793566452266007,0.0812652472715378,0.20139181041675314,0.48592440465912096,0.4027836208335063,0.48592440465912096
caspofungin,40 evolved vs 35 evolved,0.12885731624785562,0.05610548533497957,0.07275183091287606,-0.1189178220423273,0.2644214838680794,0.4457475604478076,0.27503899320090924,0.7874541124506327,0.5500779864018185
caspofungin,35 evolved vs ancestor,0.05610548533497957,0,0.05610548533497957,-0.07916491813565804,0.1913758888056172,0.39372705622531634,0.4590839818766905,0.7874541124506327,0.5500779864018185
caspofungin,40 evolved vs ancestor,0.12885731624785562,0,0.12885731624785562,-0.017021635042925733,0.274736267538637,0.07973983681399723,0.07416978604924222,0.2392195104419917,0.22250935814772665
fluconazole,40 evolved vs 35 evolved,0.2676471073087909,0.32792685382232384,-0.06027974651353296,-0.4307092904891509,0.31014979746208493,0.7428959018217838,0.5372659266361131,0.7428959018217838,0.5372659266361131
fluconazole,35 evolved vs ancestor,0.32792685382232384,0,0.32792685382232384,0.05515642636538113,0.6006972812792666,0.02129552764661577,0.010185392168591354,0.06388658293984731,0.030556176505774062
fluconazole,40 evolved vs ancestor,0.2676471073087909,0,0.2676471073087909,-0.0034416440654151505,0.5387358586829969,0.05265902042499205,0.07416978604924222,0.1053180408499841,0.14833957209848445
