trait,comparison,mean_x,ref,diff,ci_lo,ci_hi,p_welch,p_wilcox,p_welch_holm,p_wilcox_holm
Caspofungin IC50,35 evolved vs 40 evolved,-4.259789366176521,-3.912293100065449,-0.34749626611107187,-0.5043895987926921,-0.19060293342945167,1.1609605003834286e-4,7.574821996648103e-6,2.3219210007668572e-4,2.272446598994431e-5
Caspofungin IC50,35 evolved vs ancestor,-4.259789366176521,-4.111726727033756,-0.14806263914276485,-4.403545163097143,-4.116033569255898,0.04420464968385341,0.004643564739361532,0.04420464968385341,0.004643564739361532
Caspofungin IC50,40 evolved vs ancestor,-3.912293100065449,-4.111726727033756,0.19943362696830702,-3.9841697273832737,-3.840416472747624,1.9145344223345154e-5,3.5544554613709e-4,5.743603267003546e-5,7.1089109227418e-4
