comparison,diff,SE,df,ci_lo,ci_hi,t.ratio,p_holm,trait
40 evolved - 35 evolved,0.5997410631513738,0.15995033564833652,40,0.20004823621454293,0.9994338900882046,3.7495455118640826,0.0016821575138461554,Amphotericin IC50
40 evolved - fRS585,0.21755709665670894,0.26000585627296857,40,-0.4321600501853954,0.8672742434988133,0.8367392172440355,0.40771042701398297,Amphotericin IC50
35 evolved - fRS585,-0.3821839664946648,0.271794038513227,40,-1.0613580811196588,0.2969901481303291,-1.4061528670212744,0.33479994797693385,Amphotericin IC50
