gene_name,chrom_label,chrom,start,end,normalized_depth,CNV,gene_start,gene_end,gene_overlap_in_controls_count,partially_overlaps_control,mean_normalized_depth
CAGL0A01111g,ChrA,contig_32,388001,388500,1.513228329046722,duplication,388042.0,389027.0,0,False,1.513228329046722
CAGL0A01177g,ChrA,contig_32,379501,380000,1.536231643518654,duplication,379722.0,382874.0,0,False,1.536231643518654
CAGL0A01199g,ChrA,contig_32,377501,378500,"1.517417372853962, 1.5317329747343569",duplication,376372.0,378835.0,0,False,1.5245751737941595
CAGL0A01221g,ChrA,contig_32,373501,374000,1.5560658552842397,duplication,370373.0,374874.0,0,False,1.5560658552842397
CAGL0A01243g,ChrA,contig_32,369001,374000,"1.5323522246884709, 1.5552826862246247, 1.5560658552842397",duplication,368650.0,373795.0,0,False,1.547900255399112
CAGL0A01284g,ChrA,contig_32,364001,364500,1.6448735839977318,duplication,364212.0,368544.0,0,False,1.6448735839977318
CAGL0A01325g,ChrA,contig_32,360501,364000,"1.512700145262331, 1.561038068151094, 1.6162970199387756, 1.6417591209932183",duplication,360332.0,363854.0,0,False,1.5829485885863548
CAGL0A01366g,ChrA,contig_32,355001,355500,1.5247937326014938,duplication,355086.0,359604.0,0,False,1.5247937326014938
CAGL0A01408g,ChrA,contig_32,353501,354500,"1.612818292255372, 1.6134921819113193",duplication,352822.0,354724.0,0,False,1.6131552370833457
CAGL0A03051g,ChrA,contig_32,186501,187000,1.5241380561794913,duplication,186356.0,187558.0,0,False,1.5241380561794913
CAGL0A03905g,ChrA,contig_32,103001,103500,1.561803023976764,duplication,102910.0,104883.0,0,False,1.561803023976764
CAGL0A04015g,ChrA,contig_32,97001,97500,1.5165795640925142,duplication,96267.0,97793.0,0,False,1.5165795640925142
CAGL0A04037g,ChrA,contig_32,95001,95500,1.521697482830925,duplication,93946.0,96062.0,0,False,1.521697482830925
CAGL0A04081g,ChrA,contig_32,90501,91500,"1.5485437896651513, 1.5899060439531625",duplication,90603.0,91826.0,0,False,1.5692249168091568
CAGL0A04389g,ChrA,contig_32,67501,68000,1.5252672766840516,duplication,66713.0,68359.0,0,False,1.5252672766840516
